species,genus,family,species.relative,genus.relative
Abrus_precatorius,Abrus,Fabaceae,,
Acacia_acuminata,Acacia,Fabaceae,,
Acacia_alleniana,Acacia,Fabaceae,,
Acacia_ancistrocarpa,Acacia,Fabaceae,,
Acacia_andrewsii,Acacia,Fabaceae,,
Acacia_aneura,Acacia,Fabaceae,,
Acacia_aulacocarpa,Acacia,Fabaceae,,
Acacia_auriculiformis,Acacia,Fabaceae,,
Acacia_blakelyi,Acacia,Fabaceae,,
Acacia_cambagei,Acacia,Fabaceae,,
Acacia_celsa,Acacia,Fabaceae,,
Acacia_citrinoviridis,Acacia,Fabaceae,,
Acacia_concurrens,Acacia,Fabaceae,,
Acacia_continua,Acacia,Fabaceae,,
Acacia_coolgardiensis,Acacia,Fabaceae,,
Acacia_coriacea,Acacia,Fabaceae,,
Acacia_cupularis,Acacia,Fabaceae,,
Acacia_cyclops,Acacia,Fabaceae,,
Acacia_dealbata,Acacia,Fabaceae,,
Acacia_delibrata,Acacia,Fabaceae,,
Acacia_dictyophleba,Acacia,Fabaceae,,
Acacia_difficilis,Acacia,Fabaceae,,
Acacia_dimidiata,Acacia,Fabaceae,,
Acacia_doratoxylon,Acacia,Fabaceae,,
Acacia_dunnii,Acacia,Fabaceae,,
Acacia_elachantha,Acacia,Fabaceae,,
Acacia_eriopoda,Acacia,Fabaceae,,
Acacia_estrophiolata,Acacia,Fabaceae,,
Acacia_falcata,Acacia,Fabaceae,,
Acacia_genistifolia,Acacia,Fabaceae,,
Acacia_gonocarpa,Acacia,Fabaceae,,
Acacia_hammondii,Acacia,Fabaceae,,
Acacia_havilandiorum,Acacia,Fabaceae,,
Acacia_hemiteles,Acacia,Fabaceae,,
Acacia_hemsleyi,Acacia,Fabaceae,,
Acacia_holosericea,Acacia,Fabaceae,,
Acacia_iteaphylla,Acacia,Fabaceae,,
Acacia_kempeana,Acacia,Fabaceae,,
Acacia_latescens,Acacia,Fabaceae,,
Acacia_ligulata,Acacia,Fabaceae,,
Acacia_longifolia,Acacia,Fabaceae,,
Acacia_lycopodiifolia,Acacia,Fabaceae,,
Acacia_lysiphloia,Acacia,Fabaceae,,
Acacia_melanoxylon,Acacia,Fabaceae,,
Acacia_monticola,Acacia,Fabaceae,,
Acacia_multisiliqua,Acacia,Fabaceae,,
Acacia_multispicata,Acacia,Fabaceae,,
Acacia_murrayana,Acacia,Fabaceae,,
Acacia_myrtifolia,Acacia,Fabaceae,,
Acacia_nuperrima,Acacia,Fabaceae,,
Acacia_olgana,Acacia,Fabaceae,,
Acacia_oncinocarpa,Acacia,Fabaceae,,
Acacia_oswaldii,Acacia,Fabaceae,,
Acacia_parramattensis,Acacia,Fabaceae,,
Acacia_platycarpa,Acacia,Fabaceae,,
Acacia_plectocarpa,Acacia,Fabaceae,,
Acacia_prainii,Acacia,Fabaceae,,
Acacia_pruinocarpa,Acacia,Fabaceae,,
Acacia_pyrifolia,Acacia,Fabaceae,,
Acacia_ramulosa,Acacia,Fabaceae,,
Acacia_rhodophloia,Acacia,Fabaceae,,
Acacia_rostellifera,Acacia,Fabaceae,,
Acacia_saligna,Acacia,Fabaceae,,
Acacia_sibina,Acacia,Fabaceae,,
Acacia_suaveolens,Acacia,Fabaceae,,
Acacia_tetragonophylla,Acacia,Fabaceae,,
Acacia_thomsonii,Acacia,Fabaceae,,
Acacia_trachycarpa,Acacia,Fabaceae,,
Acacia_translucens,Acacia,Fabaceae,,
Acacia_victoriae,Acacia,Fabaceae,,
Acacia_wattsiana,Acacia,Fabaceae,,
Aciphylla_glacialis,Aciphylla,Apiaceae,,
Ackama_muelleri,Caldcluvia,Cunoniaceae,,
Acronychia_vestita,Acronychia,Rutaceae,,
Acrotriche_affinis,Acrotriche,Ericaceae,,
Actinotus_helianthi,Actinotus,Apiaceae,,
Adansonia_gregorii,Adansonia,Malvaceae,,
Adenanthera_pavonina,Adenanthera,Fabaceae,,
Adriana_urticoides,Adriana,Euphorbiaceae,,
Aegialitis_annulata,Aegialitis,Plumbaginaceae,,
Agathis_atropurpurea,Agathis,Araucariaceae,,
Agathis_robusta,Agathis,Araucariaceae,,
Aglaia_sapindina,Aglaia,Meliaceae,,
Alangium_villosum,Alangium,Cornaceae,,
Alectryon_oleifolius,Alectryon,Sapindaceae,,
Aleurites_moluccanus,Aleurites,Euphorbiaceae,,
Allocasuarina_decaisneana,Allocasuarina,Casuarinaceae,,
Allocasuarina_distyla,Allocasuarina,Casuarinaceae,,
Allocasuarina_littoralis,Allocasuarina,Casuarinaceae,,
Allocasuarina_luehmannii,Allocasuarina,Casuarinaceae,,
Allocasuarina_verticillata,Allocasuarina,Casuarinaceae,,
Allosyncarpia_ternata,Allosyncarpia,Myrtaceae,,
Alloxylon_wickhamii,Alloxylon,Proteaceae,,
Alphitonia_excelsa,Alphitonia,Rhamnaceae,,
Alphitonia_petriei,Alphitonia,Rhamnaceae,,
Alphitonia_whitei,Alphitonia,Rhamnaceae,,
Alstonia_scholaris,Alstonia,Apocynaceae,,
Alysicarpus_vaginalis,Alysicarpus,Fabaceae,,
Alyxia_ruscifolia,Alyxia,Apocynaceae,,
Amaranthus_viridis,Amaranthus,Amaranthaceae,,
Ampelocissus_acetosa,Ampelocissus,Vitaceae,,
Amyema_maidenii,Amyema,Loranthaceae,,
Angophora_bakeri,Angophora,Myrtaceae,,
Angophora_costata,Angophora,Myrtaceae,,
Angophora_hispida,Angophora,Myrtaceae,,
Anigozanthos_manglesii,Anigozanthos,Haemodoraceae,,
Anodopetalum_biglandulosum,Anodopetalum,Cunoniaceae,,
Anthocercis_littorea,Anthocercis,Solanaceae,,
Aphananthe_philippinensis,Aphananthe,Cannabaceae,,
Araucaria_bidwillii,Araucaria,Araucariaceae,,
Aristida_calycina,Aristida,Poaceae,,
Aristotelia_australasica,Aristotelia,Elaeocarpaceae,,
Aristotelia_peduncularis,Aristotelia,Elaeocarpaceae,,
Arthrostylis_aphylla,Arthrostylis,Cyperaceae,,
Asplenium_bulbiferum,Asplenium,Aspleniaceae,,
Asplenium_flaccidum,Asplenium,Aspleniaceae,,
Asteromyrtus_symphyocarpa,Asteromyrtus,Myrtaceae,,
Astroloma_epacridis,Astroloma,Ericaceae,,
Astroloma_humifusum,Astroloma,Ericaceae,,
Atherosperma_moschatum,Atherosperma,Atherospermataceae,,
Athertonia_diversifolia,Athertonia,Proteaceae,,
Atriplex_nummularia,Atriplex,Amaranthaceae,,
Atriplex_semibaccata,Atriplex,Amaranthaceae,,
Austrobaileya_scandens,Austrobaileya,Austrobaileyaceae,,
Austrostipa_flavescens,Stipa,Poaceae,,
Austrostipa_mollis,Stipa,Poaceae,,
Austrostipa_nitida,Stipa,Poaceae,,
Avena_barbata,Avena,Poaceae,,
Avicennia_marina,Avicennia,Acanthaceae,,
Baeckea_frutescens,Baeckea,Myrtaceae,,
Banksia_aemula,Banksia,Proteaceae,,
Banksia_armata,Banksia,Proteaceae,,
Banksia_attenuata,Banksia,Proteaceae,,
Banksia_ericifolia,Banksia,Proteaceae,,
Banksia_integrifolia,Banksia,Proteaceae,,
Banksia_leptophylla,Banksia,Proteaceae,,
Banksia_marginata,Banksia,Proteaceae,,
Banksia_menziesii,Banksia,Proteaceae,,
Banksia_nivea,Banksia,Proteaceae,,
Banksia_nobilis,Banksia,Proteaceae,,
Banksia_oblongifolia,Banksia,Proteaceae,,
Banksia_prionotes,Banksia,Proteaceae,,
Banksia_proteoides,Banksia,Proteaceae,,
Banksia_robur,Banksia,Proteaceae,,
Banksia_rufa,Banksia,Proteaceae,,
Banksia_serrata,Banksia,Proteaceae,,
Banksia_sessilis,Banksia,Proteaceae,,
Banksia_sphaerocarpa,Banksia,Proteaceae,,
Banksia_spinulosa,Banksia,Proteaceae,,
Bauhinia_cunninghamii,Bauhinia,Fabaceae,,
Bedfordia_salicina,Bedfordia,Asteraceae,,
Beilschmiedia_recurva,Beilschmiedia,Lauraceae,,
Beilschmiedia_tooram,Beilschmiedia,Lauraceae,,
Bidens_bipinnata,Bidens,Asteraceae,,
Blepharocarya_involucrigera,Blepharocarya,Anacardiaceae,,
Brachychiton_populneus,Brachychiton,Malvaceae,,
Brachyscome_iberidifolia,Brachyscome,Asteraceae,,
Breynia_oblongifolia,Breynia,Phyllanthaceae,,
Briza_maxima,Briza,Poaceae,,
Brombya_platynema,Melicope,Rutaceae,,
Buckinghamia_celsissima,Buckinghamia,Proteaceae,,
Burchardia_umbellata,Burchardia,Colchicaceae,,
Bursaria_spinosa,Bursaria,Pittosporaceae,,
Callicoma_serratifolia,Callicoma,Cunoniaceae,,
Callitris_columellaris,Callitris,Cupressaceae,,
Callitris_preissii,Callitris,Cupressaceae,,
Calopogonium_mucunoides,Calopogonium,Fabaceae,,
Calytrix_tetragona,Calytrix,Myrtaceae,,
Canarium_muelleri,Canarium,Burseraceae,,
Cardwellia_sublimis,Cardwellia,Proteaceae,,
Carissa_spinarum,Carissa,Apocynaceae,,
Carnarvonia_araliifolia,Carnarvonia,Proteaceae,,
Carpentaria_acuminata,Carpentaria,Arecaceae,,
Cassinia_laevis,Cassinia,Asteraceae,,
Castanospermum_australe,Castanospermum,Fabaceae,,
Castanospora_alphandii,Castanospora,Sapindaceae,,
Casuarina_pauper,Casuarina,Casuarinaceae,,
Cathormion_umbellatum,Cathormion,Fabaceae,,
Cenarrhenes_nitida,Cenarrhenes,Proteaceae,,
Cenchrus_ciliaris,Cenchrus,Poaceae,,
Cephalaralia_cephalobotrys,Cephalaralia,Araliaceae,,
Ceratopetalum_apetalum,Ceratopetalum,Cunoniaceae,,
Ceratopetalum_succirubrum,Ceratopetalum,Cunoniaceae,,
Chaerophyllum_eriopodum,Chaerophyllum,Apiaceae,,
Cheilanthes_sieberi,Cheilanthes,Pteridaceae,,
Chenopodium_auricomum,Chenopodium,Amaranthaceae,,
Chenopodium_nutans,Chenopodium,Amaranthaceae,,
Chrysopogon_zizanioides,Chrysopogon,Poaceae,,
Cinnamomum_laubatii,Cinnamomum,Lauraceae,,
Citronella_smythii,Citronella,Cardiopteridaceae,,
Cleistanthus_oblongifolius,Cleistanthus,Phyllanthaceae,,
Clematis_linearifolia,Clematis,Ranunculaceae,,
Coldenia_procumbens,Coldenia,Boraginaceae,,
Conospermum_longifolium,Conospermum,Proteaceae,,
Conostylis_candicans,Conostylis,Haemodoraceae,,
Coprosma_quadrifida,Coprosma,Rubiaceae,,
Cordia_dichotoma,Cordia,Boraginaceae,,
Cordyline_stricta,Cordyline,Asparagaceae,,
Correa_reflexa,Correa,Rutaceae,,
Corymbia_aparrerinja,Corymbia,Myrtaceae,,
Corymbia_bleeseri,Corymbia,Myrtaceae,,
Corymbia_cadophora,Corymbia,Myrtaceae,,
Corymbia_calophylla,Corymbia,Myrtaceae,,
Corymbia_citriodora,Corymbia,Myrtaceae,,
Corymbia_collina,Corymbia,Myrtaceae,,
Corymbia_confertiflora,Corymbia,Myrtaceae,,
Corymbia_deserticola,Corymbia,Myrtaceae,,
Corymbia_dichromophloia,Corymbia,Myrtaceae,,
Corymbia_eremaea,Corymbia,Myrtaceae,,
Corymbia_eximia,Corymbia,Myrtaceae,,
Corymbia_ferruginea,Corymbia,Myrtaceae,,
Corymbia_ficifolia,Corymbia,Myrtaceae,,
Corymbia_flavescens,Corymbia,Myrtaceae,,
Corymbia_foelscheana,Corymbia,Myrtaceae,,
Corymbia_grandifolia,Corymbia,Myrtaceae,,
Corymbia_greeniana,Corymbia,Myrtaceae,,
Corymbia_gummifera,Corymbia,Myrtaceae,,
Corymbia_henryi,Corymbia,Myrtaceae,,
Corymbia_lenziana,Corymbia,Myrtaceae,,
Corymbia_leptoloma,Corymbia,Myrtaceae,,
Corymbia_maculata,Corymbia,Myrtaceae,,
Corymbia_nesophila,Corymbia,Myrtaceae,,
Corymbia_papuana,Corymbia,Myrtaceae,,
Corymbia_polysciada,Corymbia,Myrtaceae,,
Corymbia_porrecta,Corymbia,Myrtaceae,,
Corymbia_ptychocarpa,Corymbia,Myrtaceae,,
Corymbia_terminalis,Corymbia,Myrtaceae,,
Corymbia_trachyphloia,Corymbia,Myrtaceae,,
Corymbia_zygophylla,Corymbia,Myrtaceae,,
Corynotheca_micrantha,Corynotheca,Asphodelaceae,,
Craspedia_aurantia,Craspedia,Asteraceae,,
Crataegus_monogyna,Crataegus,Rosaceae,,
Crotalaria_novae-hollandiae,Crotalaria,Fabaceae,,
Croton_triacros,Croton,Euphorbiaceae,,
Cryptandra_parvifolia,Spyridium,Rhamnaceae,,
Cryptocarya_angulata,Cryptocarya,Lauraceae,,
Cryptocarya_corrugata,Cryptocarya,Lauraceae,,
Cryptocarya_densiflora,Cryptocarya,Lauraceae,,
Cryptocarya_melanocarpa,Cryptocarya,Lauraceae,,
Cryptocarya_putida,Cryptocarya,Lauraceae,,
Cryptocarya_triplinervis,Cryptocarya,Lauraceae,,
Cucumis_argenteus,Cucumis,Cucurbitaceae,,
Cucumis_melo,Cucumis,Cucurbitaceae,,
Cullen_cinereum,Cullen,Fabaceae,,
Cupaniopsis_anacardioides,Cupaniopsis,Sapindaceae,,
Cyathodes_glauca,Cyathodes,Ericaceae,,
Dampiera_purpurea,Dampiera,Goodeniaceae,,
Dampiera_stricta,Dampiera,Goodeniaceae,,
Darlingia_darlingiana,Darlingia,Proteaceae,,
Decalobanthus_peltatus,Merremia,Convolvulaceae,,
Denhamia_cunninghamii,Denhamia,Celastraceae,,
Denhamia_obscura,Denhamia,Celastraceae,,
Dicksonia_antarctica,Dicksonia,Dicksoniaceae,,
Dioscorea_bulbifera,Dioscorea,Dioscoreaceae,,
Dioscorea_hastifolia,Dioscorea,Dioscoreaceae,,
Dioscorea_transversa,Dioscorea,Dioscoreaceae,,
Diospyros_australis,Diospyros,Ebenaceae,,
Diplatia_grandibractea,Diplatia,Loranthaceae,,
Dissocarpus_paradoxus,Dissocarpus,Amaranthaceae,,
Dodonaea_viscosa,Dodonaea,Sapindaceae,,
Doryphora_sassafras,Doryphora,Atherospermataceae,,
Drimys_aromatica,Tasmannia,Winteraceae,,
Drymophila_cyanocarpa,Drymophila,Alstroemeriaceae,,
Dysoxylum_pettigrewianum,Dysoxylum,Meliaceae,,
Ectrosia_leporina,Ectrosia,Poaceae,,
Ehretia_saligna,Ehretia,Boraginaceae,,
Elaeocarpus_angustifolius,Elaeocarpus,Elaeocarpaceae,,
Elaeocarpus_arnhemicus,Elaeocarpus,Elaeocarpaceae,,
Elaeocarpus_elliffii,Elaeocarpus,Elaeocarpaceae,,
Elaeocarpus_eumundi,Elaeocarpus,Elaeocarpaceae,,
Elaeocarpus_ferruginiflorus,Elaeocarpus,Elaeocarpaceae,,
Elaeocarpus_foveolatus,Elaeocarpus,Elaeocarpaceae,,
Elaeocarpus_holopetalus,Elaeocarpus,Elaeocarpaceae,,
Elaeocarpus_largiflorens,Elaeocarpus,Elaeocarpaceae,,
Elaeocarpus_reticulatus,Elaeocarpus,Elaeocarpaceae,,
Elaeocarpus_ruminatus,Elaeocarpus,Elaeocarpaceae,,
Elaeocarpus_sericopetalus,Elaeocarpus,Elaeocarpaceae,,
Empodisma_minus,Empodisma,Restionaceae,,
Enchylaena_tomentosa,Enchylaena,Amaranthaceae,,
Endiandra_montana,Endiandra,Lauraceae,,
Entada_phaseoloides,Entada,Fabaceae,,
Epaltes_australis,Epaltes,Asteraceae,,
Eragrostis_curvula,Eragrostis,Poaceae,,
Eriachne_helmsii,Eriachne,Poaceae,,
Eriachne_triseta,Eriachne,Poaceae,,
Eriostemon_australasius,Eriostemon,Rutaceae,,
Erythrophleum_chlorostachys,Erythrophleum,Fabaceae,,
Eucalyptus_abdita,Eucalyptus,Myrtaceae,,
Eucalyptus_absita,Eucalyptus,Myrtaceae,,
Eucalyptus_accedens,Eucalyptus,Myrtaceae,,
Eucalyptus_acies,Eucalyptus,Myrtaceae,,
Eucalyptus_aequioperta,Eucalyptus,Myrtaceae,,
Eucalyptus_aggregata,Eucalyptus,Myrtaceae,,
Eucalyptus_alba,Eucalyptus,Myrtaceae,,
Eucalyptus_albopurpurea,Eucalyptus,Myrtaceae,,
Eucalyptus_alipes,Eucalyptus,Myrtaceae,,
Eucalyptus_ancophila,Eucalyptus,Myrtaceae,,
Eucalyptus_angulosa,Eucalyptus,Myrtaceae,,
Eucalyptus_angustissima,Eucalyptus,Myrtaceae,,
Eucalyptus_annulata,Eucalyptus,Myrtaceae,,
Eucalyptus_aquilina,Eucalyptus,Myrtaceae,,
Eucalyptus_arenacea,Eucalyptus,Myrtaceae,,
Eucalyptus_argophloia,Eucalyptus,Myrtaceae,,
Eucalyptus_argutifolia,Eucalyptus,Myrtaceae,,
Eucalyptus_articulata,Eucalyptus,Myrtaceae,,
Eucalyptus_aspratilis,Eucalyptus,Myrtaceae,,
Eucalyptus_assimilans,Eucalyptus,Myrtaceae,,
Eucalyptus_atrata,Eucalyptus,Myrtaceae,,
Eucalyptus_baeuerlenii,Eucalyptus,Myrtaceae,,
Eucalyptus_bakeri,Eucalyptus,Myrtaceae,,
Eucalyptus_barberi,Eucalyptus,Myrtaceae,,
Eucalyptus_baxteri,Eucalyptus,Myrtaceae,,
Eucalyptus_beaniana,Eucalyptus,Myrtaceae,,
Eucalyptus_behriana,Eucalyptus,Myrtaceae,,
Eucalyptus_blakelyi,Eucalyptus,Myrtaceae,,
Eucalyptus_blaxellii,Eucalyptus,Myrtaceae,,
Eucalyptus_brachycalyx,Eucalyptus,Myrtaceae,,
Eucalyptus_brassiana,Eucalyptus,Myrtaceae,,
Eucalyptus_brevifolia,Eucalyptus,Myrtaceae,,
Eucalyptus_brevipes,Eucalyptus,Myrtaceae,,
Eucalyptus_bridgesiana,Eucalyptus,Myrtaceae,,
Eucalyptus_brockwayi,Eucalyptus,Myrtaceae,,
Eucalyptus_buprestium,Eucalyptus,Myrtaceae,,
Eucalyptus_burgessiana,Eucalyptus,Myrtaceae,,
Eucalyptus_burracoppinensis,Eucalyptus,Myrtaceae,,
Eucalyptus_calcareana,Eucalyptus,Myrtaceae,,
Eucalyptus_camaldulensis,Eucalyptus,Myrtaceae,,
Eucalyptus_capillosa,Eucalyptus,Myrtaceae,,
Eucalyptus_capitellata,Eucalyptus,Myrtaceae,,
Eucalyptus_captiosa,Eucalyptus,Myrtaceae,,
Eucalyptus_carnei,Eucalyptus,Myrtaceae,,
Eucalyptus_cephalocarpa,Eucalyptus,Myrtaceae,,
Eucalyptus_cerasiformis,Eucalyptus,Myrtaceae,,
Eucalyptus_ceratocorys,Eucalyptus,Myrtaceae,,
Eucalyptus_cernua,Eucalyptus,Myrtaceae,,
Eucalyptus_clivicola,Eucalyptus,Myrtaceae,,
Eucalyptus_cneorifolia,Eucalyptus,Myrtaceae,,
Eucalyptus_comitae-vallis,Eucalyptus,Myrtaceae,,
Eucalyptus_communalis,Eucalyptus,Myrtaceae,,
Eucalyptus_concinna,Eucalyptus,Myrtaceae,,
Eucalyptus_conica,Eucalyptus,Myrtaceae,,
Eucalyptus_consideniana,Eucalyptus,Myrtaceae,,
Eucalyptus_conveniens,Eucalyptus,Myrtaceae,,
Eucalyptus_coolabah,Eucalyptus,Myrtaceae,,
Eucalyptus_cooperiana,Eucalyptus,Myrtaceae,,
Eucalyptus_cornuta,Eucalyptus,Myrtaceae,,
Eucalyptus_corrugata,Eucalyptus,Myrtaceae,,
Eucalyptus_cosmophylla,Eucalyptus,Myrtaceae,,
Eucalyptus_creta,Eucalyptus,Myrtaceae,,
Eucalyptus_cretata,Eucalyptus,Myrtaceae,,
Eucalyptus_curtisii,Eucalyptus,Myrtaceae,,
Eucalyptus_cyanophylla,Eucalyptus,Myrtaceae,,
Eucalyptus_cyclostoma,Eucalyptus,Myrtaceae,,
Eucalyptus_cylindriflora,Eucalyptus,Myrtaceae,,
Eucalyptus_cylindrocarpa,Eucalyptus,Myrtaceae,,
Eucalyptus_dawsonii,Eucalyptus,Myrtaceae,,
Eucalyptus_dealbata,Eucalyptus,Myrtaceae,,
Eucalyptus_deanei,Eucalyptus,Myrtaceae,,
Eucalyptus_deflexa,Eucalyptus,Myrtaceae,,
Eucalyptus_delicata,Eucalyptus,Myrtaceae,,
Eucalyptus_depauperata,Eucalyptus,Myrtaceae,,
Eucalyptus_desmondensis,Eucalyptus,Myrtaceae,,
Eucalyptus_dielsii,Eucalyptus,Myrtaceae,,
Eucalyptus_diminuta,Eucalyptus,Myrtaceae,,
Eucalyptus_diptera,Eucalyptus,Myrtaceae,,
Eucalyptus_discreta,Eucalyptus,Myrtaceae,,
Eucalyptus_diversicolor,Eucalyptus,Myrtaceae,,
Eucalyptus_diversifolia,Eucalyptus,Myrtaceae,,
Eucalyptus_dolichocera,Eucalyptus,Myrtaceae,,
Eucalyptus_dolichorhyncha,Eucalyptus,Myrtaceae,,
Eucalyptus_doratoxylon,Eucalyptus,Myrtaceae,,
Eucalyptus_dumosa,Eucalyptus,Myrtaceae,,
Eucalyptus_dundasii,Eucalyptus,Myrtaceae,,
Eucalyptus_dura,Eucalyptus,Myrtaceae,,
Eucalyptus_dwyeri,Eucalyptus,Myrtaceae,,
Eucalyptus_eremophila,Eucalyptus,Myrtaceae,,
Eucalyptus_erythrocorys,Eucalyptus,Myrtaceae,,
Eucalyptus_eugenioides,Eucalyptus,Myrtaceae,,
Eucalyptus_ewartiana,Eucalyptus,Myrtaceae,,
Eucalyptus_exigua,Eucalyptus,Myrtaceae,,
Eucalyptus_exilipes,Eucalyptus,Myrtaceae,,
Eucalyptus_exilis,Eucalyptus,Myrtaceae,,
Eucalyptus_falcata,Eucalyptus,Myrtaceae,,
Eucalyptus_fasciculosa,Eucalyptus,Myrtaceae,,
Eucalyptus_flindersii,Eucalyptus,Myrtaceae,,
Eucalyptus_foecunda,Eucalyptus,Myrtaceae,,
Eucalyptus_foliosa,Eucalyptus,Myrtaceae,,
Eucalyptus_formanii,Eucalyptus,Myrtaceae,,
Eucalyptus_forrestiana,Eucalyptus,Myrtaceae,,
Eucalyptus_fraxinoides,Eucalyptus,Myrtaceae,,
Eucalyptus_froggattii,Eucalyptus,Myrtaceae,,
Eucalyptus_fruticosa,Eucalyptus,Myrtaceae,,
Eucalyptus_fulgens,Eucalyptus,Myrtaceae,,
Eucalyptus_fusiformis,Eucalyptus,Myrtaceae,,
Eucalyptus_gamophylla,Eucalyptus,Myrtaceae,,
Eucalyptus_gillenii,Eucalyptus,Myrtaceae,,
Eucalyptus_gillii,Eucalyptus,Myrtaceae,,
Eucalyptus_globoidea,Eucalyptus,Myrtaceae,,
Eucalyptus_glomerosa,Eucalyptus,Myrtaceae,,
Eucalyptus_gomphocephala,Eucalyptus,Myrtaceae,,
Eucalyptus_gongylocarpa,Eucalyptus,Myrtaceae,,
Eucalyptus_goniocarpa,Eucalyptus,Myrtaceae,,
Eucalyptus_gracilis,Eucalyptus,Myrtaceae,,
Eucalyptus_grandis,Eucalyptus,Myrtaceae,,
Eucalyptus_granitica,Eucalyptus,Myrtaceae,,
Eucalyptus_grisea,Eucalyptus,Myrtaceae,,
Eucalyptus_grossa,Eucalyptus,Myrtaceae,,
Eucalyptus_guilfoylei,Eucalyptus,Myrtaceae,,
Eucalyptus_gypsophila,Eucalyptus,Myrtaceae,,
Eucalyptus_haemastoma,Eucalyptus,Myrtaceae,,
Eucalyptus_hallii,Eucalyptus,Myrtaceae,,
Eucalyptus_halophila,Eucalyptus,Myrtaceae,,
Eucalyptus_hebetifolia,Eucalyptus,Myrtaceae,,
Eucalyptus_histophylla,Eucalyptus,Myrtaceae,,
Eucalyptus_horistes,Eucalyptus,Myrtaceae,,
Eucalyptus_hypolaena,Eucalyptus,Myrtaceae,,
Eucalyptus_imlayensis,Eucalyptus,Myrtaceae,,
Eucalyptus_incerata,Eucalyptus,Myrtaceae,,
Eucalyptus_incrassata,Eucalyptus,Myrtaceae,,
Eucalyptus_indurata,Eucalyptus,Myrtaceae,,
Eucalyptus_infera,Eucalyptus,Myrtaceae,,
Eucalyptus_insularis,Eucalyptus,Myrtaceae,,
Eucalyptus_interstans,Eucalyptus,Myrtaceae,,
Eucalyptus_intertexta,Eucalyptus,Myrtaceae,,
Eucalyptus_jacksonii,Eucalyptus,Myrtaceae,,
Eucalyptus_jucunda,Eucalyptus,Myrtaceae,,
Eucalyptus_kitsoniana,Eucalyptus,Myrtaceae,,
Eucalyptus_kondininensis,Eucalyptus,Myrtaceae,,
Eucalyptus_kumarlensis,Eucalyptus,Myrtaceae,,
Eucalyptus_lacrimans,Eucalyptus,Myrtaceae,,
Eucalyptus_langleyi,Eucalyptus,Myrtaceae,,
Eucalyptus_lansdowneana,Eucalyptus,Myrtaceae,,
Eucalyptus_largiflorens,Eucalyptus,Myrtaceae,,
Eucalyptus_latens,Eucalyptus,Myrtaceae,,
Eucalyptus_lesouefii,Eucalyptus,Myrtaceae,,
Eucalyptus_limitaris,Eucalyptus,Myrtaceae,,
Eucalyptus_litorea,Eucalyptus,Myrtaceae,,
Eucalyptus_livida,Eucalyptus,Myrtaceae,,
Eucalyptus_lockyeri,Eucalyptus,Myrtaceae,,
Eucalyptus_longicornis,Eucalyptus,Myrtaceae,,
Eucalyptus_lucasii,Eucalyptus,Myrtaceae,,
Eucalyptus_lucens,Eucalyptus,Myrtaceae,,
Eucalyptus_macrandra,Eucalyptus,Myrtaceae,,
Eucalyptus_magnificata,Eucalyptus,Myrtaceae,,
Eucalyptus_megacarpa,Eucalyptus,Myrtaceae,,
Eucalyptus_megacornuta,Eucalyptus,Myrtaceae,,
Eucalyptus_melanophitra,Eucalyptus,Myrtaceae,,
Eucalyptus_melanoxylon,Eucalyptus,Myrtaceae,,
Eucalyptus_melliodora,Eucalyptus,Myrtaceae,,
Eucalyptus_merrickiae,Eucalyptus,Myrtaceae,,
Eucalyptus_michaeliana,Eucalyptus,Myrtaceae,,
Eucalyptus_micranthera,Eucalyptus,Myrtaceae,,
Eucalyptus_microcarpa,Eucalyptus,Myrtaceae,,
Eucalyptus_microcorys,Eucalyptus,Myrtaceae,,
Eucalyptus_miniata,Eucalyptus,Myrtaceae,,
Eucalyptus_minniritchi,Eucalyptus,Myrtaceae,,
Eucalyptus_misella,Eucalyptus,Myrtaceae,,
Eucalyptus_moderata,Eucalyptus,Myrtaceae,,
Eucalyptus_moluccana,Eucalyptus,Myrtaceae,,
Eucalyptus_morrisii,Eucalyptus,Myrtaceae,,
Eucalyptus_myriadena,Eucalyptus,Myrtaceae,,
Eucalyptus_neutra,Eucalyptus,Myrtaceae,,
Eucalyptus_nicholii,Eucalyptus,Myrtaceae,,
Eucalyptus_normantonensis,Eucalyptus,Myrtaceae,,
Eucalyptus_nortonii,Eucalyptus,Myrtaceae,,
Eucalyptus_obconica,Eucalyptus,Myrtaceae,,
Eucalyptus_obliqua,Eucalyptus,Myrtaceae,,
Eucalyptus_obtusiflora,Eucalyptus,Myrtaceae,,
Eucalyptus_occidentalis,Eucalyptus,Myrtaceae,,
Eucalyptus_oldfieldii,Eucalyptus,Myrtaceae,,
Eucalyptus_olivina,Eucalyptus,Myrtaceae,,
Eucalyptus_optima,Eucalyptus,Myrtaceae,,
Eucalyptus_oraria,Eucalyptus,Myrtaceae,,
Eucalyptus_orbifolia,Eucalyptus,Myrtaceae,,
Eucalyptus_orgadophila,Eucalyptus,Myrtaceae,,
Eucalyptus_ornata,Eucalyptus,Myrtaceae,,
Eucalyptus_ovularis,Eucalyptus,Myrtaceae,,
Eucalyptus_oxymitra,Eucalyptus,Myrtaceae,,
Eucalyptus_pachyloma,Eucalyptus,Myrtaceae,,
Eucalyptus_pachyphylla,Eucalyptus,Myrtaceae,,
Eucalyptus_paliformis,Eucalyptus,Myrtaceae,,
Eucalyptus_paludicola,Eucalyptus,Myrtaceae,,
Eucalyptus_paniculata,Eucalyptus,Myrtaceae,,
Eucalyptus_patellaris,Eucalyptus,Myrtaceae,,
Eucalyptus_patens,Eucalyptus,Myrtaceae,,
Eucalyptus_perangusta,Eucalyptus,Myrtaceae,,
Eucalyptus_percostata,Eucalyptus,Myrtaceae,,
Eucalyptus_petiolaris,Eucalyptus,Myrtaceae,,
Eucalyptus_petraea,Eucalyptus,Myrtaceae,,
Eucalyptus_petrensis,Eucalyptus,Myrtaceae,,
Eucalyptus_phoenicea,Eucalyptus,Myrtaceae,,
Eucalyptus_pilbarensis,Eucalyptus,Myrtaceae,,
Eucalyptus_pileata,Eucalyptus,Myrtaceae,,
Eucalyptus_pimpiniana,Eucalyptus,Myrtaceae,,
Eucalyptus_planchoniana,Eucalyptus,Myrtaceae,,
Eucalyptus_platydisca,Eucalyptus,Myrtaceae,,
Eucalyptus_platypus,Eucalyptus,Myrtaceae,,
Eucalyptus_polita,Eucalyptus,Myrtaceae,,
Eucalyptus_polybractea,Eucalyptus,Myrtaceae,,
Eucalyptus_populnea,Eucalyptus,Myrtaceae,,
Eucalyptus_porosa,Eucalyptus,Myrtaceae,,
Eucalyptus_praetermissa,Eucalyptus,Myrtaceae,,
Eucalyptus_prava,Eucalyptus,Myrtaceae,,
Eucalyptus_prominens,Eucalyptus,Myrtaceae,,
Eucalyptus_propinqua,Eucalyptus,Myrtaceae,,
Eucalyptus_protensa,Eucalyptus,Myrtaceae,,
Eucalyptus_pruiniramis,Eucalyptus,Myrtaceae,,
Eucalyptus_pterocarpa,Eucalyptus,Myrtaceae,,
Eucalyptus_pulverulenta,Eucalyptus,Myrtaceae,,
Eucalyptus_pumila,Eucalyptus,Myrtaceae,,
Eucalyptus_pyriformis,Eucalyptus,Myrtaceae,,
Eucalyptus_quadrangulata,Eucalyptus,Myrtaceae,,
Eucalyptus_quadrans,Eucalyptus,Myrtaceae,,
Eucalyptus_quaerenda,Eucalyptus,Myrtaceae,,
Eucalyptus_ravida,Eucalyptus,Myrtaceae,,
Eucalyptus_recta,Eucalyptus,Myrtaceae,,
Eucalyptus_redunca,Eucalyptus,Myrtaceae,,
Eucalyptus_remota,Eucalyptus,Myrtaceae,,
Eucalyptus_rhodantha,Eucalyptus,Myrtaceae,,
Eucalyptus_rigens,Eucalyptus,Myrtaceae,,
Eucalyptus_rigidula,Eucalyptus,Myrtaceae,,
Eucalyptus_rosacea,Eucalyptus,Myrtaceae,,
Eucalyptus_rossii,Eucalyptus,Myrtaceae,,
Eucalyptus_roycei,Eucalyptus,Myrtaceae,,
Eucalyptus_salicola,Eucalyptus,Myrtaceae,,
Eucalyptus_saligna,Eucalyptus,Myrtaceae,,
Eucalyptus_salmonophloia,Eucalyptus,Myrtaceae,,
Eucalyptus_salubris,Eucalyptus,Myrtaceae,,
Eucalyptus_scyphocalyx,Eucalyptus,Myrtaceae,,
Eucalyptus_sepulcralis,Eucalyptus,Myrtaceae,,
Eucalyptus_sessilis,Eucalyptus,Myrtaceae,,
Eucalyptus_shirleyi,Eucalyptus,Myrtaceae,,
Eucalyptus_siderophloia,Eucalyptus,Myrtaceae,,
Eucalyptus_sideroxylon,Eucalyptus,Myrtaceae,,
Eucalyptus_sieberi,Eucalyptus,Myrtaceae,,
Eucalyptus_smithii,Eucalyptus,Myrtaceae,,
Eucalyptus_sparsa,Eucalyptus,Myrtaceae,,
Eucalyptus_sparsifolia,Eucalyptus,Myrtaceae,,
Eucalyptus_spreta,Eucalyptus,Myrtaceae,,
Eucalyptus_staeri,Eucalyptus,Myrtaceae,,
Eucalyptus_steedmanii,Eucalyptus,Myrtaceae,,
Eucalyptus_stellulata,Eucalyptus,Myrtaceae,,
Eucalyptus_stoatei,Eucalyptus,Myrtaceae,,
Eucalyptus_stowardii,Eucalyptus,Myrtaceae,,
Eucalyptus_stricklandii,Eucalyptus,Myrtaceae,,
Eucalyptus_subtilis,Eucalyptus,Myrtaceae,,
Eucalyptus_surgens,Eucalyptus,Myrtaceae,,
Eucalyptus_synandra,Eucalyptus,Myrtaceae,,
Eucalyptus_talyuberlup,Eucalyptus,Myrtaceae,,
Eucalyptus_tectifica,Eucalyptus,Myrtaceae,,
Eucalyptus_tenella,Eucalyptus,Myrtaceae,,
Eucalyptus_tenera,Eucalyptus,Myrtaceae,,
Eucalyptus_tenuis,Eucalyptus,Myrtaceae,,
Eucalyptus_terebra,Eucalyptus,Myrtaceae,,
Eucalyptus_tetrapleura,Eucalyptus,Myrtaceae,,
Eucalyptus_tetraptera,Eucalyptus,Myrtaceae,,
Eucalyptus_tindaliae,Eucalyptus,Myrtaceae,,
Eucalyptus_todtiana,Eucalyptus,Myrtaceae,,
Eucalyptus_torquata,Eucalyptus,Myrtaceae,,
Eucalyptus_tortilis,Eucalyptus,Myrtaceae,,
Eucalyptus_transcontinentalis,Eucalyptus,Myrtaceae,,
Eucalyptus_triflora,Eucalyptus,Myrtaceae,,
Eucalyptus_trivalvis,Eucalyptus,Myrtaceae,,
Eucalyptus_tumida,Eucalyptus,Myrtaceae,,
Eucalyptus_ultima,Eucalyptus,Myrtaceae,,
Eucalyptus_umbra,Eucalyptus,Myrtaceae,,
Eucalyptus_urna,Eucalyptus,Myrtaceae,,
Eucalyptus_utilis,Eucalyptus,Myrtaceae,,
Eucalyptus_valens,Eucalyptus,Myrtaceae,,
Eucalyptus_verrucata,Eucalyptus,Myrtaceae,,
Eucalyptus_vicina,Eucalyptus,Myrtaceae,,
Eucalyptus_victoriana,Eucalyptus,Myrtaceae,,
Eucalyptus_victrix,Eucalyptus,Myrtaceae,,
Eucalyptus_viridis,Eucalyptus,Myrtaceae,,
Eucalyptus_vittata,Eucalyptus,Myrtaceae,,
Eucalyptus_williamsiana,Eucalyptus,Myrtaceae,,
Eucalyptus_woodwardii,Eucalyptus,Myrtaceae,,
Eucalyptus_wyolensis,Eucalyptus,Myrtaceae,,
Eucalyptus_xerothermica,Eucalyptus,Myrtaceae,,
Eucalyptus_yalatensis,Eucalyptus,Myrtaceae,,
Eucalyptus_yilgarnensis,Eucalyptus,Myrtaceae,,
Eucalyptus_youngiana,Eucalyptus,Myrtaceae,,
Eucalyptus_yumbarrana,Eucalyptus,Myrtaceae,,
Eucalyptus_zopherophloia,Eucalyptus,Myrtaceae,,
Eucryphia_lucida,Eucryphia,Cunoniaceae,,
Exocarpos_aphyllus,Exocarpos,Santalaceae,,
Exocarpos_latifolius,Exocarpos,Santalaceae,,
Ficus_crassipes,Ficus,Moraceae,,
Ficus_destruens,Ficus,Moraceae,,
Ficus_leptoclada,Ficus,Moraceae,,
Ficus_obliqua,Ficus,Moraceae,,
Ficus_opposita,Ficus,Moraceae,,
Ficus_pleurocarpa,Ficus,Moraceae,,
Ficus_racemosa,Ficus,Moraceae,,
Ficus_septica,Ficus,Moraceae,,
Ficus_variegata,Ficus,Moraceae,,
Fimbristylis_complanata,Fimbristylis,Cyperaceae,,
Fimbristylis_dichotoma,Fimbristylis,Cyperaceae,,
Flagellaria_indica,Flagellaria,Flagellariaceae,,
Flindersia_brayleyana,Flindersia,Rutaceae,,
Flueggea_virosa,Flueggea,Phyllanthaceae,,
Franciscodendron_laurifolium,Franciscodendron,Malvaceae,,
Galactia_megalophylla,Galactia,Fabaceae,,
Galactia_tenuiflora,Galactia,Fabaceae,,
Ganophyllum_falcatum,Ganophyllum,Sapindaceae,,
Geijera_salicifolia,Geijera,Rutaceae,,
Gevuina_bleasdalei,Gevuina,Proteaceae,,
Gillbeea_adenopetala,Gillbeea,Cunoniaceae,,
Glandularia_aristigera,Glandularia,Verbenaceae,,
Glischrocaryon_behrii,Glischrocaryon,Haloragaceae,,
Glochidion_harveyanum,Glochidion,Phyllanthaceae,,
Glochidion_hylandii,Glochidion,Phyllanthaceae,,
Glycine_tomentella,Glycine,Fabaceae,,
Gonocarpus_elatus,Gonocarpus,Haloragaceae,,
Goodenia_bellidifolia,Goodenia,Goodeniaceae,,
Goodenia_ovata,Goodenia,Goodeniaceae,,
Grevillea_buxifolia,Grevillea,Proteaceae,,
Grevillea_dryandri,Grevillea,Proteaceae,,
Grevillea_huegelii,Grevillea,Proteaceae,,
Grevillea_juncifolia,Grevillea,Proteaceae,,
Grevillea_lavandulacea,Grevillea,Proteaceae,,
Grevillea_parallela,Grevillea,Proteaceae,,
Grevillea_pteridifolia,Grevillea,Proteaceae,,
Grevillea_sericea,Grevillea,Proteaceae,,
Grevillea_striata,Grevillea,Proteaceae,,
Grevillea_wickhamii,Grevillea,Proteaceae,,
Guilfoylia_monostylis,Guilfoylia,Surianaceae,,
Guioa_acutifolia,Guioa,Sapindaceae,,
Guioa_lasioneura,Guioa,Sapindaceae,,
Haemodorum_brevicaule,Haemodorum,Haemodoraceae,,
Haemodorum_coccineum,Haemodorum,Haemodoraceae,,
Hakea_arborescens,Hakea,Proteaceae,,
Hakea_dactyloides,Hakea,Proteaceae,,
Hakea_divaricata,Hakea,Proteaceae,,
Hakea_gibbosa,Hakea,Proteaceae,,
Hakea_incrassata,Hakea,Proteaceae,,
Hakea_leucoptera,Hakea,Proteaceae,,
Hakea_lorea,Hakea,Proteaceae,,
Hakea_ruscifolia,Hakea,Proteaceae,,
Hakea_sericea,Hakea,Proteaceae,,
Hakea_teretifolia,Hakea,Proteaceae,,
Hakea_ulicina,Hakea,Proteaceae,,
Halfordia_kendack,Halfordia,Rutaceae,,
Haloragis_aspera,Haloragis,Haloragaceae,,
Hardenbergia_comptoniana,Hardenbergia,Fabaceae,,
Hardenbergia_violacea,Hardenbergia,Fabaceae,,
Hedycarya_angustifolia,Hedycarya,Monimiaceae,,
Helicia_australasica,Helicia,Proteaceae,,
Heritiera_peralata,Argyrodendron,Malvaceae,,
Heteropogon_contortus,Heteropogon,Poaceae,,
Hibbertia_empetrifolia,Hibbertia,Dilleniaceae,,
Hibbertia_hypericoides,Hibbertia,Dilleniaceae,,
Hibbertia_juncea,Hibbertia,Dilleniaceae,,
Hibbertia_scandens,Hibbertia,Dilleniaceae,,
Hibbertia_vestita,Hibbertia,Dilleniaceae,,
Histiopteris_incisa,Histiopteris,Dennstaedtiaceae,,
Hydrocotyle_pedicellosa,Hydrocotyle,Araliaceae,,
Hymenophyllum_australe,Hymenophyllum,Hymenophyllaceae,,
Hymenophyllum_flabellatum,Hymenophyllum,Hymenophyllaceae,,
Hymenophyllum_peltatum,Hymenophyllum,Hymenophyllaceae,,
Hypericum_gramineum,Hypericum,Hypericaceae,,
Hypocalymma_angustifolium,Hypocalymma,Myrtaceae,,
Ilex_arnhemensis,Ilex,Aquifoliaceae,,
Imperata_cylindrica,Imperata,Poaceae,,
Isopogon_anemonifolius,Isopogon,Proteaceae,,
Karrabina_biagiana,Geissois,Cunoniaceae,,
Kennedia_prostrata,Kennedia,Fabaceae,,
Lambertia_formosa,Lambertia,Proteaceae,,
Lastreopsis_decomposita,Lastreopsis,Dryopteridaceae,,
Leptecophylla_juniperina,Leptecophylla,Ericaceae,,
Leptospermum_laevigatum,Leptospermum,Myrtaceae,,
Leptospermum_lanigerum,Leptospermum,Myrtaceae,,
Leptospermum_liversidgei,Leptospermum,Myrtaceae,,
Leptospermum_trinervium,Leptospermum,Myrtaceae,,
Leucopogon_microphyllus,Leucopogon,Ericaceae,,
Litsea_connorsii,Litsea,Lauraceae,,
Litsea_glutinosa,Litsea,Lauraceae,,
Livistona_humilis,Livistona,Arecaceae,,
Livistona_inermis,Livistona,Arecaceae,,
Lomandra_longifolia,Lomandra,Asparagaceae,,
Lomatia_fraseri,Lomatia,Proteaceae,,
Lomatia_fraxinifolia,Lomatia,Proteaceae,,
Lomatia_silaifolia,Lomatia,Proteaceae,,
Lophopetalum_arnhemicum,Lophopetalum,Celastraceae,,
Lophostemon_confertus,Lophostemon,Myrtaceae,,
Luffa_aegyptiaca,Luffa,Cucurbitaceae,,
Lysiana_exocarpi,Lysiana,Loranthaceae,,
Macadamia_ternifolia,Macadamia,Proteaceae,,
Maclura_cochinchinensis,Maclura,Moraceae,,
Macrozamia_communis,Macrozamia,Zamiaceae,,
Macrozamia_spiralis,Macrozamia,Zamiaceae,,
Maireana_sedifolia,Maireana,Amaranthaceae,,
Mallotus_philippensis,Mallotus,Euphorbiaceae,,
Mallotus_polyadenos,Mallotus,Euphorbiaceae,,
Melaleuca_leucadendra,Melaleuca,Myrtaceae,,
Melaleuca_quinquenervia,Melaleuca,Myrtaceae,,
Melaleuca_viridiflora,Melaleuca,Myrtaceae,,
Melastoma_malabathricum,Melastoma,Melastomataceae,,
Melia_azedarach,Melia,Meliaceae,,
Melicope_elleryana,Melicope,Rutaceae,,
Melicope_vitiflora,Melicope,Rutaceae,,
Melicope_xanthoxyloides,Melicope,Rutaceae,,
Mesomelaena_pseudostygia,Mesomelaena,Cyperaceae,,
Monotoca_scoparia,Monotoca,Ericaceae,,
Myoporum_platycarpum,Myoporum,Scrophulariaceae,,
Myoporum_tenuifolium,Myoporum,Scrophulariaceae,,
Myristica_globosa,Myristica,Myristicaceae,,
Neolitsea_dealbata,Neolitsea,Lauraceae,,
Neosepicaea_jucunda,Neosepicaea,Bignoniaceae,,
Neptunia_monosperma,Neptunia,Fabaceae,,
Normanbya_normanbyi,Normanbya,Arecaceae,,
Nothocissus_hypoglauca,Cissus,Vitaceae,,
Notogrammitis_billardierei,Grammitis,Polypodiaceae,,
Olearia_argophylla,Olearia,Asteraceae,,
Olearia_lirata,Olearia,Asteraceae,,
Olearia_ramulosa,Olearia,Asteraceae,,
Orites_excelsa,Orites,Proteaceae,,
Osteospermum_moniliferum,Chrysanthemoides,Asteraceae,,
Owenia_vernicosa,Owenia,Meliaceae,,
Ozothamnus_diosmifolius,Ozothamnus,Asteraceae,,
Ozothamnus_retusus,Ozothamnus,Asteraceae,,
Palmeria_scandens,Palmeria,Monimiaceae,,
Pandanus_spiralis,Pandanus,Pandanaceae,,
Paphia_meiniana,Paphia,Ericaceae,,
Pararchidendron_pruinosum,Pararchidendron,Fabaceae,,
Passiflora_foetida,Passiflora,Passifloraceae,,
Pellaea_falcata,Pellaea,Pteridaceae,,
Persoonia_falcata,Persoonia,Proteaceae,,
Persoonia_linearis,Persoonia,Proteaceae,,
Petalostigma_pubescens,Petalostigma,Picrodendraceae,,
Petermannia_cirrosa,Petermannia,Petermanniaceae,,
Phyllanthus_calycinus,Phyllanthus,Phyllanthaceae,,
Phyllocladus_aspleniifolius,Phyllocladus,Podocarpaceae,,
Pigea_floribunda,Hybanthus,Violaceae,,
Pittosporum_bicolor,Pittosporum,Pittosporaceae,,
Pittosporum_phillyraeoides,Pittosporum,Pittosporaceae,,
Pittosporum_undulatum,Pittosporum,Pittosporaceae,,
Planchonella_euphlebia,Planchonella,Sapotaceae,,
Planchonella_pohlmaniana,Planchonella,Sapotaceae,,
Plantago_euryphylla,Plantago,Plantaginaceae,,
Pleioluma_brownlessiana,Pleioluma,Sapotaceae,,
Pleioluma_macrocarpa,Pleioluma,Sapotaceae,,
Pleioluma_xerocarpa,Pleioluma,Sapotaceae,,
Podocarpus_elatus,Podocarpus,Podocarpaceae,,
Podolepis_lessonii,Podolepis,Asteraceae,,
Polyphlebium_venosum,Polyphlebium,Hymenophyllaceae,,
Polyscias_elegans,Polyscias,Araliaceae,,
Polyscias_murrayi,Polyscias,Araliaceae,,
Polyscias_sambucifolia,Polyscias,Araliaceae,,
Portulaca_bicolor,Portulaca,Portulacaceae,,
Prostanthera_lasianthos,Prostanthera,Lamiaceae,,
Prunus_turneriana,Prunus,Rosaceae,,
Pteridium_esculentum,Pteridium,Dennstaedtiaceae,,
Pterocaulon_serrulatum,Pterocaulon,Asteraceae,,
Pterocaulon_sphacelatum,Pterocaulon,Asteraceae,,
Ptilotus_obovatus,Ptilotus,Amaranthaceae,,
Pullea_stutzeri,Pullea,Cunoniaceae,,
Pycnosorus_chrysanthus,Pycnosorus,Asteraceae,,
Rytidosperma_nudiflorum,Rytidosperma,Poaceae,,
Santalum_acuminatum,Santalum,Santalaceae,,
Santalum_lanceolatum,Santalum,Santalaceae,,
Scaevola_crassifolia,Scaevola,Goodeniaceae,,
Scaevola_depauperata,Scaevola,Goodeniaceae,,
Scaevola_parvibarbata,Scaevola,Goodeniaceae,,
Scaevola_spinescens,Scaevola,Goodeniaceae,,
Schizomeria_ovata,Schizomeria,Cunoniaceae,,
Sclerolaena_diacantha,Sclerolaena,Amaranthaceae,,
Senegalia_burkei,Senegalia,Fabaceae,,
Senna_artemisioides,Senna,Fabaceae,,
Senna_obtusifolia,Senna,Fabaceae,,
Sesuvium_portulacastrum,Sesuvium,Aizoaceae,,
Sida_acuta,Sida,Malvaceae,,
Sloanea_australis,Sloanea,Elaeocarpaceae,,
Sloanea_macbrydei,Sloanea,Elaeocarpaceae,,
Smilax_australis,Smilax,Smilacaceae,,
Solanum_ellipticum,Solanum,Solanaceae,,
Solanum_oldfieldii,Solanum,Solanaceae,,
Solanum_quadriloculatum,Solanum,Solanaceae,,
Sorghum_bicolor,Sorghum,Poaceae,,
Sorghum_brachypodum,Sorghum,Poaceae,,
Spyridium_globulosum,Spyridium,Rhamnaceae,,
Stenocarpus_sinuatus,Stenocarpus,Proteaceae,,
Stirlingia_latifolia,Stirlingia,Proteaceae,,
Strangea_linearis,Strangea,Proteaceae,,
Streptoglossa_cylindriceps,Streptoglossa,Asteraceae,,
Streptoglossa_odora,Streptoglossa,Asteraceae,,
Strychnos_lucida,Strychnos,Loganiaceae,,
Syncarpia_glomulifera,Syncarpia,Myrtaceae,,
Synoum_glandulosum,Synoum,Meliaceae,,
Syzygium_canicortex,Syzygium,Myrtaceae,,
Syzygium_cormiflorum,Syzygium,Myrtaceae,,
Syzygium_endophloium,Syzygium,Myrtaceae,,
Syzygium_gustavioides,Syzygium,Myrtaceae,,
Syzygium_kuranda,Syzygium,Myrtaceae,,
Syzygium_oleosum,Syzygium,Myrtaceae,,
Syzygium_sayeri,Syzygium,Myrtaceae,,
Syzygium_smithii,Syzygium,Myrtaceae,,
Syzygium_unipunctatum,Syzygium,Myrtaceae,,
Tacca_leontopetaloides,Tacca,Dioscoreaceae,,
Telopea_speciosissima,Telopea,Proteaceae,,
Templetonia_retusa,Templetonia,Fabaceae,,
Terminalia_canescens,Terminalia,Combretaceae,,
Tetracera_nordtiana,Tetracera,Dilleniaceae,,
Tetratheca_rupicola,Tetratheca,Elaeocarpaceae,,
Tetratheca_thymifolia,Tetratheca,Elaeocarpaceae,,
Themeda_triandra,Themeda,Poaceae,,
Tinospora_smilacina,Tinospora,Menispermaceae,,
Toechima_erythrocarpum,Toechima,Sapindaceae,,
Toona_ciliata,Toona,Meliaceae,,
Trema_tomentosa,Trema,Cannabaceae,,
Trianthema_portulacastrum,Trianthema,Aizoaceae,,
Triodia_basedowii,Triodia,Poaceae,,
Triodia_irritans,Triodia,Poaceae,,
Triodia_scariosa,Triodia,Poaceae,,
Tristaniopsis_laurina,Tristaniopsis,Myrtaceae,,
Velleia_spathulata,Velleia,Goodeniaceae,,
Ventilago_viminalis,Ventilago,Rhamnaceae,,
Vulpia_myuros,Vulpia,Poaceae,,
Wahlenbergia_ceracea,Wahlenbergia,Campanulaceae,,
Waitzia_acuminata,Waitzia,Asteraceae,,
Wollemia_nobilis,Wollemia,Araucariaceae,,
Wrightia_pubescens,Wrightia,Apocynaceae,,
Xanthophyllum_octandrum,Xanthophyllum,Polygalaceae,,
Xanthorrhoea_preissii,Xanthorrhoea,Asphodelaceae,,
Xanthorrhoea_quadrangulata,Xanthorrhoea,Asphodelaceae,,
Xanthosia_pilosa,Xanthosia,Apiaceae,,
Xylocarpus_moluccensis,Xylocarpus,Meliaceae,,
Xylomelum_pyriforme,Xylomelum,Proteaceae,,
Zieria_arborescens,Zieria,Rutaceae,,