species,genus,family
Senegalia_burkei,Senegalia,Fabaceae
Acacia_difficilis,Acacia,Fabaceae
Ackama_muelleri,Caldcluvia,Cunoniaceae
Adriana_urticoides,Adriana,Euphorbiaceae
Heritiera_peralata,Argyrodendron,Malvaceae
Gevuina_bleasdalei,Gevuina,Proteaceae
Callitris_columellaris,Callitris,Cupressaceae
Callitris_preissii,Callitris,Cupressaceae
Osteospermum_moniliferum,Chrysanthemoides,Asteraceae
Nothocissus_hypoglauca,Cissus,Vitaceae
Cleistanthus_oblongifolius,Cleistanthus,Phyllanthaceae
Corymbia_terminalis,Corymbia,Myrtaceae
Chenopodium_nutans,Chenopodium,Amaranthaceae
Elaeocarpus_angustifolius,Elaeocarpus,Elaeocarpaceae
Eucalyptus_litorea,Eucalyptus,Myrtaceae
Pigea_floribunda,Hybanthus,Violaceae
Leptecophylla_juniperina,Leptecophylla,Ericaceae
Melastoma_malabathricum,Melastoma,Melastomataceae
Decalobanthus_peltatus,Merremia,Convolvulaceae
Myoporum_tenuifolium,Myoporum,Scrophulariaceae
Chaerophyllum_eriopodum,Chaerophyllum,Apiaceae
Orites_excelsa,Orites,Proteaceae
Pittosporum_phillyraeoides,Pittosporum,Pittosporaceae
Epaltes_australis,Epaltes,Asteraceae
Cryptandra_parvifolia,Spyridium,Rhamnaceae
Drimys_aromatica,Tasmannia,Winteraceae